{
  "dataset_name": "classification",
  "task_type": "classification",
  "model_results": {
    "logistic_regression": {
      "model_name": "LogisticRegressionModel",
      "dataset_name": "classification",
      "task_type": "classification",
      "metrics": {
        "accuracy": 0.85,
        "precision": 0.8535353535353536,
        "recall": 0.85,
        "f1": 0.8496240601503758,
        "per_class_metrics": {
          "0": {
            "precision": 0.8888888888888888,
            "recall": 0.8,
            "f1": 0.8421052631578947,
            "support": 100
          },
          "1": {
            "precision": 0.8181818181818182,
            "recall": 0.9,
            "f1": 0.8571428571428571,
            "support": 100
          }
        },
        "confusion_matrix": [
          [
            80,
            20
          ],
          [
            10,
            90
          ]
        ],
        "n_samples": 200,
        "n_classes": 2
      },
      "model_info": {
        "model_type": "LogisticRegressionModel",
        "is_trained": true,
        "hyperparameters": {},
        "training_metrics": {
          "train_accuracy": 0.85625,
          "train_precision": 0.8565097650385346,
          "train_recall": 0.85625,
          "train_f1": 0.8562178723756741,
          "n_samples": 800,
          "n_features": 20,
          "n_classes": 2
        }
      },
      "predictions": [
        0,
        0,
        1,
        0,
        1,
        1,
        1,
        1,
        0,
        0,
        0,
        1,
        1,
        0,
        1,
        0,
        1,
        0,
        1,
        1,
        1,
        0,
        1,
        0,
        1,
        1,
        1,
        1,
        0,
        1,
        0,
        1,
        1,
        1,
        1,
        0,
        0,
        1,
        0,
        0,
        0,
        1,
        1,
        0,
        0,
        0,
        1,
        1,
        1,
        0,
        1,
        0,
        1,
        0,
        0,
        0,
        1,
        0,
        1,
        1,
        1,
        1,
        1,
        0,
        0,
        0,
        1,
        1,
        0,
        0,
        1,
        1,
        1,
        1,
        1,
        1,
        0,
        1,
        1,
        0,
        0,
        1,
        1,
        1,
        0,
        0,
        0,
        0,
        1,
        0,
        1,
        1,
        1,
        0,
        0,
        1,
        1,
        1,
        1,
        0,
        1,
        0,
        0,
        1,
        1,
        1,
        0,
        0,
        0,
        1,
        1,
        1,
        0,
        1,
        0,
        0,
        1,
        1,
        0,
        0,
        0,
        1,
        0,
        1,
        0,
        1,
        0,
        0,
        0,
        0,
        0,
        0,
        0,
        0,
        0,
        0,
        1,
        1,
        0,
        0,
        1,
        1,
        0,
        1,
        1,
        1,
        0,
        1,
        1,
        1,
        0,
        0,
        1,
        0,
        1,
        0,
        1,
        1,
        0,
        0,
        1,
        1,
        0,
        0,
        1,
        1,
        1,
        0,
        0,
        1,
        0,
        0,
        1,
        0,
        1,
        1,
        1,
        0,
        0,
        1,
        0,
        0,
        1,
        0,
        1,
        1,
        1,
        1,
        1,
        1,
        0,
        1,
        1,
        1,
        1,
        1,
        1,
        1,
        0,
        1
      ],
      "true_values": [
        1,
        0,
        0,
        0,
        1,
        1,
        1,
        1,
        0,
        0,
        1,
        1,
        1,
        0,
        0,
        0,
        1,
        0,
        1,
        0,
        1,
        0,
        1,
        0,
        1,
        1,
        1,
        1,
        0,
        1,
        0,
        1,
        1,
        1,
        1,
        0,
        0,
        0,
        0,
        0,
        0,
        1,
        1,
        0,
        0,
        1,
        0,
        1,
        1,
        0,
        1,
        0,
        1,
        0,
        0,
        0,
        1,
        0,
        0,
        1,
        1,
        1,
        1,
        0,
        0,
        0,
        1,
        1,
        0,
        0,
        0,
        0,
        1,
        1,
        1,
        1,
        0,
        0,
        1,
        0,
        0,
        1,
        1,
        1,
        1,
        0,
        0,
        0,
        0,
        0,
        1,
        1,
        1,
        0,
        0,
        1,
        1,
        0,
        1,
        0,
        1,
        0,
        0,
        1,
        1,
        1,
        0,
        1,
        0,
        1,
        1,
        1,
        0,
        1,
        0,
        0,
        1,
        1,
        0,
        0,
        0,
        1,
        0,
        1,
        0,
        0,
        0,
        0,
        0,
        0,
        0,
        1,
        0,
        0,
        0,
        0,
        0,
        0,
        0,
        0,
        1,
        1,
        0,
        0,
        1,
        0,
        0,
        1,
        1,
        0,
        0,
        0,
        1,
        1,
        1,
        0,
        1,
        1,
        0,
        0,
        1,
        1,
        1,
        0,
        1,
        1,
        1,
        0,
        0,
        0,
        0,
        0,
        1,
        0,
        1,
        1,
        0,
        0,
        0,
        1,
        1,
        0,
        1,
        0,
        1,
        1,
        1,
        1,
        1,
        1,
        0,
        1,
        1,
        1,
        1,
        1,
        1,
        0,
        1,
        1
      ]
    },
    "random_forest_classification": {
      "model_name": "RandomForestClassificationModel",
      "dataset_name": "classification",
      "task_type": "classification",
      "metrics": {
        "accuracy": 0.925,
        "precision": 0.9253828445601041,
        "recall": 0.925,
        "f1": 0.9249831212022704,
        "per_class_metrics": {
          "0": {
            "precision": 0.912621359223301,
            "recall": 0.94,
            "f1": 0.9261083743842364,
            "support": 100
          },
          "1": {
            "precision": 0.9381443298969072,
            "recall": 0.91,
            "f1": 0.9238578680203046,
            "support": 100
          }
        },
        "confusion_matrix": [
          [
            94,
            6
          ],
          [
            9,
            91
          ]
        ],
        "n_samples": 200,
        "n_classes": 2
      },
      "model_info": {
        "model_type": "RandomForestClassificationModel",
        "is_trained": true,
        "hyperparameters": {
          "n_estimators": 100,
          "random_state": 42
        },
        "training_metrics": {
          "train_accuracy": 1.0,
          "train_precision": 1.0,
          "train_recall": 1.0,
          "train_f1": 1.0,
          "n_samples": 800,
          "n_features": 20,
          "n_estimators": 100,
          "n_classes": 2
        }
      },